x,y,z,yaw,mps,change_flag
696983.3302384537,5285908.3211854445,0.0,1.5214177644681026,3.0,0
696982.9284206064,5285906.765296708,0.0,1.7834821305221276,3.0,0
696983.0624155926,5285904.779280991,0.0,2.1161979845803742,3.0,0
696981.8004944376,5285905.313550178,0.0,2.395423883160867,3.0,0
696982.8652724818,5285903.981323645,0.0,2.6443593458709334,3.0,0
696981.7344700997,5285903.8984449105,0.0,2.910169219451417,3.0,0
696982.1115716491,5285903.168343239,0.0,-3.077484479841492,3.0,0
696982.9689121309,5285902.926164386,0.0,-2.7919373002481684,3.0,0
696982.0354658369,5285901.87812814,0.0,-2.533963489533855,3.0,0
696982.9507802391,5285901.837648231,0.0,-2.2462431927826687,3.0,0
696982.4980342829,5285899.8976242645,0.0,-1.9472913964408871,3.0,0
696982.5349535575,5285897.900993833,0.0,-1.687635611404307,3.0,0
696982.7370629911,5285895.911960365,0.0,-1.5567472265406987,3.0,0
696982.879610575,5285893.918050512,0.0,-1.5327392693414739,3.0,0
696982.962249387,5285891.921062848,0.0,-1.537401492797926,3.0,0
696983.0574683676,5285889.924507168,0.0,-1.5342543992481517,3.0,0
696983.1768076634,5285887.9294141475,0.0,-1.5253185056272232,3.0,0
696983.3138781027,5285885.9353409475,0.0,-1.513365390787592,3.0,0
696983.4733058871,5285883.942784527,0.0,-1.503302376124764,3.0,0
696983.6440074261,5285881.951048812,0.0,-1.4950275498234733,3.0,0
696983.8263079348,5285879.960305155,0.0,-1.4892996328681551,3.0,0
696984.0033551219,5285877.96923505,0.0,-1.486560596226382,3.0,0
696984.1991919697,5285875.9795721555,0.0,-1.4830571257959377,3.0,0
696984.394028748,5285873.989707721,0.0,-1.4808253987341367,3.0,0
696984.5964937164,5285872.000454593,0.0,-1.4781414753374449,3.0,0
696984.7880671652,5285870.010164641,0.0,-1.4826155902406892,3.0,0
696984.9400642405,5285868.016328254,0.0,-1.4995715130718015,3.0,0
696985.046393315,5285866.019482468,0.0,-1.5193301381597868,3.0,0
696985.1179176748,5285864.020996955,0.0,-1.5360739779895844,3.0,0
696985.1881691602,5285862.022476916,0.0,-1.540766872827768,3.0,0
696985.2439561408,5285860.023453735,0.0,-1.5506288526416663,3.0,0
696985.2627346609,5285858.023751814,0.0,-1.5656733007593484,3.0,0
696985.2155165784,5285856.024525243,0.0,-1.5939027013030547,3.0,0
696985.113065538,5285854.027324747,0.0,-1.620186730392767,3.0,0
696984.9565851485,5285852.033575733,0.0,-1.647843059403316,3.0,0
696984.7522260783,5285850.044112546,0.0,-1.6713611766637166,3.0,0
696984.5132631197,5285848.058486078,0.0,-1.692449438640562,3.0,0
696984.2348982462,5285846.07800029,0.0,-1.7135402326749025,3.0,0
696983.9148464819,5285844.103832233,0.0,-1.7355253903168668,3.0,0
696983.5332594016,5285842.140647185,0.0,-1.763445711853353,3.0,0
696983.0814195648,5285840.192489226,0.0,-1.7988084937311175,3.0,0
696982.5739506423,5285838.2579988,0.0,-1.8265543627285652,3.0,0
696982.0418612347,5285836.3301487,0.0,-1.845412702689087,3.0,0
696981.4782407092,5285834.411256462,0.0,-1.862630101031158,3.0,0
696980.9146417776,5285832.492382098,0.0,-1.8660726840591817,3.0,0
696980.3420331533,5285830.576203236,0.0,-1.8729468241061866,3.0,0
696979.7229467146,5285828.674546913,0.0,-1.8910684609825248,3.0,0
696979.0960088583,5285826.775437043,0.0,-1.8980790250339323,3.0,0
696978.4722449988,5285824.875278595,0.0,-1.8997510805240259,3.0,0
696977.8161946031,5285822.986163895,0.0,-1.9148184567223296,3.0,0
696977.1337739485,5285821.106357493,0.0,-1.9298207933302276,3.0,0
696976.4529232213,5285819.226014179,0.0,-1.9266706832540894,3.0,0
696975.8349433988,5285817.324048303,0.0,-1.9058292042776968,3.0,0
696975.2366706005,5285815.415781383,0.0,-1.896814324739231,3.0,0
696974.6230156125,5285813.512361033,0.0,-1.8965076138206003,3.0,0
696974.0235589665,5285811.604442229,0.0,-1.8912608664230843,3.0,0
696973.447203327,5285809.689437214,0.0,-1.8833036341621963,3.0,0
696972.8883700344,5285807.769293928,0.0,-1.8729024467046012,3.0,0
696972.3726066462,5285805.8371402435,0.0,-1.852903335603414,3.0,0
696971.9247685293,5285803.888102932,0.0,-1.8264430086368328,3.0,0
696971.4973241907,5285801.934486013,0.0,-1.8123833658966602,3.0,0
696971.0766221978,5285799.979376052,0.0,-1.8035640591927518,3.0,0
696970.6750544246,5285798.020283436,0.0,-1.792857902634557,3.0,0
696970.3049202684,5285796.055201761,0.0,-1.7798915513840123,3.0,0
696969.9589092229,5285794.085518796,0.0,-1.7690185496979405,3.0,0
696969.6309544229,5285792.112666055,0.0,-1.7590743788789274,3.0,0
696969.2917536626,5285790.141748601,0.0,-1.7595240005226165,3.0,0
696968.9485216098,5285788.171569473,0.0,-1.761299319909221,3.0,0
696968.6102814896,5285786.200563774,0.0,-1.7579963543684975,3.0,0
696968.3049578913,5285784.224148444,0.0,-1.7466149633431627,3.0,0
696968.0419833893,5285782.241609712,0.0,-1.7287960581859876,3.0,0
696967.8032322448,5285780.255986651,0.0,-1.7154743838037296,3.0,0
696967.5456560347,5285778.272685415,0.0,-1.7184796810922167,3.0,0
696967.2882475392,5285776.289429255,0.0,-1.7199275198262445,3.0,0
696967.0429890144,5285774.304629548,0.0,-1.712512986225609,3.0,0
696966.8647492215,5285772.312829068,0.0,-1.6862385142850966,3.0,0
696966.7298906334,5285770.317425603,0.0,-1.6683154310407122,3.0,0
696966.592017087,5285768.322211893,0.0,-1.6609501993313405,3.0,0
696966.4567714006,5285766.3267995855,0.0,-1.6580371075610412,3.0,0
696966.3274500272,5285764.330991825,0.0,-1.6548645475722825,3.0,0
696966.1917431034,5285762.335606897,0.0,-1.6560276899623387,3.0,0
696966.0490108643,5285760.340743045,0.0,-1.6599302728246625,3.0,0
696965.8583992588,5285758.34988666,0.0,-1.6779613809105998,3.0,0
696965.659980516,5285756.359761321,0.0,-1.6845770161126952,3.0,0
696965.4827581623,5285754.36765777,0.0,-1.6779197142814963,3.0,0
696965.3534209531,5285752.371945708,0.0,-1.6590053558025941,3.0,0
696965.227504084,5285750.375943662,0.0,-1.6560897162230646,3.0,0
696965.1028718668,5285748.379896066,0.0,-1.6522307481712781,3.0,0
696964.9542302089,5285746.38546219,0.0,-1.658894871160519,3.0,0
696964.8288068298,5285744.389491106,0.0,-1.652537990664288,3.0,0
696964.7474246763,5285742.3912076475,0.0,-1.636375739947538,3.0,0
696964.6816394335,5285740.392350956,0.0,-1.6259434923243568,3.0,0
696964.6326061897,5285738.393018734,0.0,-1.6177158444281527,3.0,0
696964.5862866954,5285736.393683368,0.0,-1.6166148015622515,3.0,0
696964.513690918,5285734.395050692,0.0,-1.6233457356417196,3.0,0
696964.4297571463,5285732.396875378,0.0,-1.6298626767256295,3.0,0
696964.3389231474,5285730.399000439,0.0,-1.631895767911737,3.0,0
696964.2463318941,5285728.401209835,0.0,-1.632896368222709,3.0,0
696964.1601353955,5285726.4031563625,0.0,-1.6313417857607284,3.0,0
696964.0988691356,5285724.404166434,0.0,-1.6218372595670454,3.0,0
696964.0646397646,5285722.404582611,0.0,-1.6100917687357192,3.0,0
696964.0330829284,5285720.404958238,0.0,-1.6051485162124752,3.0,0
696964.0205510086,5285718.40513513,0.0,-1.5969573040670832,3.0,0
696964.0284439407,5285716.40534676,0.0,-1.5864318795336478,3.0,0
696964.0747245849,5285714.406156523,0.0,-1.572741275909543,3.0,0
696964.139834195,5285712.407550179,0.0,-1.5626344499962777,3.0,0
696964.2026453139,5285710.408845771,0.0,-1.56074034943662,3.0,0
696964.2633500944,5285708.410043615,0.0,-1.5595529151774263,3.0,0
696964.3320330033,5285706.411547342,0.0,-1.5566885005284314,3.0,0
696964.41524462,5285704.413599118,0.0,-1.5511346153168555,3.0,0
696964.5052612257,5285702.415922804,0.0,-1.545356911875114,3.0,0
696964.6052054883,5285700.41868523,0.0,-1.541121170023299,3.0,0
696964.7219428732,5285698.422420423,0.0,-1.537433937487199,3.0,0
696964.8210112974,5285696.425265304,0.0,-1.5411702183828302,3.0,0
696964.9114389461,5285694.42757791,0.0,-1.5433585350937609,3.0,0
696965.0068971058,5285692.430172906,0.0,-1.5414898440000622,3.0,0
696965.1290300211,5285690.434130209,0.0,-1.5319485879157648,3.0,0
696965.2808439003,5285688.440210507,0.0,-1.5178031143559103,3.0,0
696965.4211058817,5285686.4455685,0.0,-1.5234131446317907,3.0,0
696965.5224397954,5285684.448434467,0.0,-1.5339729541174032,3.0,0
696965.6454709597,5285682.452666573,0.0,-1.5292252553570895,3.0,0
696965.8055589567,5285680.459746808,0.0,-1.520312388901167,3.0,0
696965.9614392268,5285678.46939982,0.0,-1.5263045981993448,3.0,0
696966.227848826,5285677.261640116,0.0,-1.52756956285862,3.0,0
696965.885666185,5285675.432358669,0.0,-1.663519262045071,3.0,0
696966.5521442767,5285673.558555497,0.0,-1.3727256921416746,3.0,0
696967.5026374357,5285671.805867815,0.0,-1.206051712166765,3.0,0
696967.0515058725,5285673.616354291,0.0,-0.8738175094820768,3.0,0
696965.9787621588,5285675.2917563915,0.0,-0.5390060944182586,3.0,0
696964.412624446,5285676.514858364,0.0,-0.2122022364834688,3.0,0
696962.5231908128,5285677.115340714,0.0,0.10167834121157426,3.0,0
696964.1621325673,5285677.972204911,0.0,0.35778465547566896,3.0,0
696965.5337430415,5285679.416951553,0.0,0.6612611473292347,3.0,0
696966.4434115432,5285681.191889314,0.0,0.9383949718202729,3.0,0
696965.5829606372,5285680.487026575,0.0,1.2060127548204171,3.0,0
696965.3436000795,5285680.634014419,0.0,1.3191066381898509,3.0,0
696965.3331285819,5285682.633117607,0.0,1.4736336551286087,3.0,0
696965.2206932892,5285684.629608846,0.0,1.5580988376205607,3.0,0
696965.11338908,5285686.626698684,0.0,1.5822729204040442,3.0,0
696965.0211496099,5285688.624563564,0.0,1.5869756034154179,3.0,0
696964.9185573398,5285690.621919034,0.0,1.5923691692591824,3.0,0
696964.8071857477,5285692.618802751,0.0,1.598440749349617,3.0,0
696964.687372639,5285694.615193974,0.0,1.601458799172974,3.0,0
696964.5761222458,5285696.612089674,0.0,1.5994775939217938,3.0,0
696964.4696209127,5285698.609246708,0.0,1.5964082913569726,3.0,0
696964.3667614979,5285700.606590097,0.0,1.5954737759549165,3.0,0
696964.2660505797,5285702.604041661,0.0,1.5935761159775907,3.0,0
696964.1630758082,5285704.601374991,0.0,1.5941936410001745,3.0,0
696964.0551060427,5285706.598447828,0.0,1.5965507175888334,3.0,0
696963.9437666893,5285708.595331227,0.0,1.5992497698609256,3.0,0
696963.8322229597,5285710.592209306,0.0,1.598861025888187,3.0,0
696963.7288678513,5285712.589512998,0.0,1.5945207367181595,3.0,0
696963.6436786061,5285714.587675919,0.0,1.5881508295371294,3.0,0
696963.5721457407,5285716.586362686,0.0,1.5809910109668195,3.0,0
696963.520423267,5285718.585649645,0.0,1.5718837220305808,3.0,0
696963.4940755808,5285720.585352879,0.0,1.561110665529334,3.0,0
696963.5542865667,5285722.534576324,0.0,1.552176949128846,3.0,0
696963.582287785,5285724.534140095,0.0,1.543299931098442,3.0,0
696963.4978885921,5285726.532249852,0.0,1.570568105963261,3.0,0
696963.4362303626,5285728.530771116,0.0,1.5785063723499597,3.0,0
696963.218821782,5285730.518722461,0.0,1.6263477506929327,3.0,0
696963.1346254572,5285732.516153991,0.0,1.592867230413951,3.0,0
696963.1716806672,5285734.515711062,0.0,1.5469638007041624,3.0,0
696963.223322079,5285736.515004769,0.0,1.5268000088546394,3.0,0
696963.6683328913,5285738.452202827,0.0,1.3586115208947405,3.0,0
696964.6186048726,5285740.207322068,0.0,1.1341121468898923,3.0,0
696965.9225734104,5285741.719802549,0.0,0.9212873597068132,3.0,0
696967.4068072218,5285743.060044477,0.0,0.7774215208928794,3.0,0
696969.0180986937,5285744.241010671,0.0,0.657641618693269,3.0,0
696970.8165589485,5285745.093645381,0.0,0.47344690600290384,3.0,0
696972.80618405,5285745.162864649,0.0,0.1544670267645003,3.0,0
696974.7152135376,5285744.597330578,0.0,-0.16486823526754968,3.0,0
696976.3480783446,5285743.456770948,0.0,-0.48374855480772894,3.0,0
696977.5467870987,5285741.866170606,0.0,-0.8063362944574664,3.0,0
696978.5513568735,5285740.150984432,0.0,-0.9405215778154385,3.0,0
696980.2024040503,5285739.045383879,0.0,-0.6946472962977381,3.0,0
696982.1225638812,5285738.528716918,0.0,-0.39943860181017854,3.0,0
696984.1113298713,5285738.610845651,0.0,-0.09969446160771511,3.0,0
696985.9964198283,5285739.257238946,0.0,0.19109030683131678,3.0,0
696987.7426750154,5285740.223835753,0.0,0.3914203720268894,3.0,0
696989.4315265307,5285741.292045796,0.0,0.4871807689747456,3.0,0
696991.0554968717,5285742.456621639,0.0,0.5611080446991359,3.0,0
696992.6371601123,5285743.679001731,0.0,0.6012473273020902,3.0,0
696994.2293039985,5285744.887796113,0.0,0.6087876842531692,3.0,0
696995.8210565462,5285746.097952517,0.0,0.6162654038373176,3.0,0
696997.404241986,5285747.3194545815,0.0,0.6256825056963677,3.0,0
696999.0128504174,5285748.507487305,0.0,0.6127319478482693,3.0,0
697000.6407853239,5285749.668872301,0.0,0.5981766130786461,3.0,0
697002.2730373704,5285750.824082411,0.0,0.5959659591682787,3.0,0
697003.8562654173,5285752.0458090305,0.0,0.6198443149901003,3.0,0
697005.4093797022,5285753.305363386,0.0,0.6407403424753007,3.0,0
697006.9881992247,5285754.532712786,0.0,0.6315578265515942,3.0,0
697008.6166719088,5285755.693359259,0.0,0.5998762262526238,3.0,0
697010.3025936955,5285756.7683728235,0.0,0.5536702649188392,3.0,0
697012.0903611252,5285757.662472566,0.0,0.4671463174482291,3.0,0
697013.9802863247,5285758.311419345,0.0,0.3464133831220444,3.0,0
697015.9431881027,5285758.678449635,0.0,0.20433675738646428,3.0,0
697017.9400424209,5285758.775857237,0.0,0.08148049012723746,3.0,0
697019.939368929,5285758.774953369,0.0,-0.00945480402717358,3.0,0
697021.938666787,5285758.793578372,0.0,-0.015515983567610192,3.0,0
697023.9368608898,5285758.726387013,0.0,-0.049053285263898516,3.0,0
697025.9320014281,5285758.600143086,0.0,-0.06500209576545224,3.0,0
697027.9285711838,5285758.695381405,0.0,0.002194213551955926,3.0,0
697029.9253164078,5285758.7894485835,0.0,0.009904080870224874,3.0,0
697031.9141782623,5285758.944609868,0.0,0.032341248818218205,3.0,0
697033.8799391817,5285758.589027235,0.0,-0.12258874626638061,3.0,0
697034.8302705585,5285758.419187658,0.0,-0.1597059059832322,3.0,0
697036.7053391411,5285757.735153131,0.0,-0.32019657905351906,3.0,0
697038.1936869293,5285756.415210649,0.0,-0.6302633483371878,3.0,0
697039.1765281839,5285754.685245574,0.0,-0.9607392006068416,3.0,0
697039.5674965685,5285752.730368219,0.0,-1.2686833402072661,3.0,0
697039.8829087984,5285750.756880983,0.0,-1.3677505945097153,3.0,0
697040.2646912064,5285748.793710672,0.0,-1.3915968753793315,3.0,0
697040.6157822375,5285746.824794804,0.0,-1.409083010714367,3.0,0
697040.9785033322,5285744.857998866,0.0,-1.408006948704541,3.0,0
697041.3317371347,5285742.889539413,0.0,-1.4149225409542687,3.0,0
697041.5504481114,5285740.901717861,0.0,-1.4590898906553003,3.0,0
697041.7808618561,5285738.915161824,0.0,-1.4693899580806713,3.0,0
697041.8051397253,5285736.916975578,0.0,-1.5558481838825156,3.0,0
697041.446866706,5285734.9545806805,0.0,-1.729475942455763,3.0,0
697040.558862821,5285733.168152182,0.0,-1.9696642732986058,3.0,0
697039.247745041,5285731.669366418,0.0,-2.22616906761126,3.0,0
697037.5590964091,5285730.61571849,0.0,-2.517193896938841,3.0,0
697035.6336693898,5285730.0978991175,0.0,-2.7932726326216564,3.0,0
697033.644565087,5285729.898929503,0.0,-2.9743509595834636,3.0,0
697031.6541512994,5285729.721839482,0.0,-3.033885413851003,3.0,0
697029.7866090143,5285729.041534907,0.0,-2.8514321849413493,3.0,0
697028.294119,5285727.721721288,0.0,-2.5536895416460563,3.0,0
697027.1900322317,5285726.060187954,0.0,-2.2840128493829432,3.0,0
697026.5730657884,5285724.166243614,0.0,-2.012513751198691,3.0,0
697026.5674946326,5285722.177085527,0.0,-1.7134022847466381,3.0,0
697027.1597462974,5285720.276350018,0.0,-1.4086064527643103,3.0,0
697028.2986694389,5285718.646549731,0.0,-1.1031973685064713,3.0,0
697028.4929904946,5285718.7039201325,0.0,-1.0500701977322162,3.0,0
697027.4587927578,5285720.355713973,0.0,-1.0706501767691137,3.0,0
697026.7237523729,5285722.2097638175,0.0,-0.794400439974309,3.0,0
697026.2810128082,5285723.299879441,0.0,-0.4932252417481031,3.0,0
697028.1470596896,5285723.14763357,0.0,-0.2521349489221052,3.0,0
697026.2424910176,5285723.716328015,0.0,-0.09399391184749106,3.0,0
697024.284950698,5285723.802153252,0.0,0.06733263561029545,3.0,0
697022.3078807637,5285723.525596629,0.0,0.09649356160158007,3.0,0
697021.4619434461,5285723.317069211,0.0,0.10677659884574453,3.0,0
697023.3198138068,5285723.459278967,0.0,0.10655762018499537,3.0,0
697025.182747993,5285723.4755243715,0.0,0.10657938988783933,3.0,0
697027.0747015341,5285723.906549582,0.0,0.10663815680790734,3.0,0
